<?xml version="1.0" encoding="UTF-8"?>
<config xmlns="http://www.knime.org/2008/09/XMLConfig" xmlns:xsi="http://www.w3.org/2001/XMLSchema-instance" xsi:schemaLocation="http://www.knime.org/2008/09/XMLConfig http://www.knime.org/XMLConfig_2008_09.xsd" key="spec.xml">
    <entry key="spec_name" type="xstring" value="default"/>
    <entry key="number_columns" type="xint" value="1"/>
    <config key="column_spec_0">
        <entry key="column_name" type="xstring" value="class"/>
        <config key="element_names">
            <entry key="array-size" type="xint" value="0"/>
        </config>
        <config key="column_type">
            <entry key="cell_class" type="xstring" value="org.knime.core.data.def.StringCell"/>
        </config>
        <config key="column_domain">
            <config key="possible_values">
                <entry key="array-size" type="xint" value="3"/>
                <config key="0">
                    <entry key="datacell" type="xstring" value="org.knime.core.data.def.StringCell"/>
                    <config key="org.knime.core.data.def.StringCell">
                        <entry key="StringCell" type="xstring" value="Iris-setosa"/>
                    </config>
                </config>
                <config key="1">
                    <entry key="datacell" type="xstring" value="org.knime.core.data.def.StringCell"/>
                    <config key="org.knime.core.data.def.StringCell">
                        <entry key="StringCell" type="xstring" value="Iris-versicolor"/>
                    </config>
                </config>
                <config key="2">
                    <entry key="datacell" type="xstring" value="org.knime.core.data.def.StringCell"/>
                    <config key="org.knime.core.data.def.StringCell">
                        <entry key="StringCell" type="xstring" value="Iris-virginica"/>
                    </config>
                </config>
            </config>
        </config>
        <config key="column_properties"/>
        <config key="color_handler">
            <entry key="color_model_class" type="xstring" value="org.knime.core.data.property.ColorModelNominal"/>
            <config key="color_model">
                <config key="keys">
                    <config key="Iris-setosa">
                        <entry key="datacell" type="xstring" value="org.knime.core.data.def.StringCell"/>
                        <config key="org.knime.core.data.def.StringCell">
                            <entry key="StringCell" type="xstring" value="Iris-setosa"/>
                        </config>
                    </config>
                    <config key="Iris-versicolor">
                        <entry key="datacell" type="xstring" value="org.knime.core.data.def.StringCell"/>
                        <config key="org.knime.core.data.def.StringCell">
                            <entry key="StringCell" type="xstring" value="Iris-versicolor"/>
                        </config>
                    </config>
                    <config key="Iris-virginica">
                        <entry key="datacell" type="xstring" value="org.knime.core.data.def.StringCell"/>
                        <config key="org.knime.core.data.def.StringCell">
                            <entry key="StringCell" type="xstring" value="Iris-virginica"/>
                        </config>
                    </config>
                </config>
                <entry key="Iris-setosa" type="xint" value="-13393876"/>
                <entry key="Iris-versicolor" type="xint" value="-1893860"/>
                <entry key="Iris-virginica" type="xint" value="-5154520"/>
                <config key="palette">
                    <entry key="array-size" type="xint" value="12"/>
                    <entry key="0" type="xint" value="-13393876"/>
                    <entry key="1" type="xint" value="-1893860"/>
                    <entry key="2" type="xint" value="-5154520"/>
                    <entry key="3" type="xint" value="-9814630"/>
                    <entry key="4" type="xint" value="-14714700"/>
                    <entry key="5" type="xint" value="-33024"/>
                    <entry key="6" type="xint" value="-5054582"/>
                    <entry key="7" type="xint" value="-147601"/>
                    <entry key="8" type="xint" value="-288103"/>
                    <entry key="9" type="xint" value="-3493162"/>
                    <entry key="10" type="xint" value="-5845277"/>
                    <entry key="11" type="xint" value="-103"/>
                </config>
            </config>
        </config>
        <config key="meta_data"/>
    </config>
</config>
